time,delta_time,follower_world_cs_x,follower_world_cs_z,follower_compass_heading,leader_world_cs_x,leader_world_cs_z,leader_follower_cs_x,leader_follower_cs_z,follower_FT_R11,follower_FT_R21,follower_FT_R12,follower_FT_R22,x_relative_error_heading,compass_relative_error_heading,linear_distance_error,omega,v,v_without_angle_error,v_max,left_wheel_velocity,right_wheel_velocity,follower_wheel_radius,follower_axle_length,proportional_gain,integral_gain,derivative_gain,logistic_function_mid,logistic_function_growth_rate,lin_val_err_deriv_coeff,max_follower_distance,min_follower_distance,optimal_follower_distance
0,0.1,1.01468873023987,3.30079483985901,359.937442742288,0.0,0.0,-1.0182920319420334,-3.2996850049359305,0.9999994039535558,-0.00109182990116619,0.00109182990116619,0.9999994039535558,-107.1503723641091,-162.8496276358909,-10.046763866441268,-855.6630316652014,-7.548489468521597,-220.93527732882535,100,-100,100,0.5,2.8,30,0.5,0.1,1,10,2,15,12,13.5
0.1,0.1,1.00149548053741,3.30052399635315,355.777472496033,1.01961898803711,16.8705291748047,1.0172380646511312,13.531836376654532,0.9972856044082301,-0.07363031468159753,0.07363031468159753,0.9972856044082301,85.70095079551409,4.299049204485911,0.0700172809295303,25.288702267044727,39.46457238607155,202.34476611454448,100,100,8.120778424417878,0.5,2.8,30,0.5,0.1,1,10,2,15,12,13.5
0.2,0.1,0.988974809646606,3.3039288520813,353.108096122742,1.00198519229889,17.2399196624756,1.6851872900128542,13.833732429645668,0.9927743078339792,-0.11999655705379034,0.11999655705379035,0.9927743078339791,83.05460586077214,6.945394139227858,0.43599688351899424,36.27988562427823,1.255201998616632,7.663919029758238,100,100,-99.07327575074576,0.5,2.8,30,0.5,0.1,1,10,2,15,12,13.5
0.30000000000000004,0.1,0.981915652751923,3.36698603630066,354.064688682556,0.990629613399506,17.414176940918,1.4612247676831012,13.970986737599597,0.9946392773029133,-0.10340555133230833,0.10340555133230833,0.9946392773029132,84.02914612409731,5.970853875902691,0.5471936074033792,31.119218922216714,0.5043493195656091,2.858340263796615,100,88.14251162133802,-86.12511434307557,0.5,2.8,30,0.5,0.1,1,10,2,15,12,13.5
0.4,0.1,0.987040638923645,3.46930551528931,357.881875038147,0.936553537845612,18.125114440918,0.49122366902600667,14.647661366883842,0.9993167518964926,-0.0369598346728405,0.0369598346728405,0.9993167518964925,88.07924977084342,1.9207502291565817,1.155895885680712,9.860923280777927,28.76397472025111,94.79431035820637,100,85.13853462668041,29.917364254324024,0.5,2.8,30,0.5,0.1,1,10,2,15,12,13.5
0.5,0.1,0.994286835193634,3.52352261543274,0.395152717828751,0.910880982875824,18.3900775909424,-0.18593346311891434,14.86562619344858,0.9999762177486512,0.006896661301084859,-0.006896661301084859,0.9999762177486513,90.71659593012268,-0.7165959301226792,1.3667889396483979,-3.9241569957278957,45.78815267822212,101.60593291848429,100,80.58866576840613,100,0.5,2.8,30,0.5,0.1,1,10,2,15,12,13.5
0.6,0.1,1.0011533498764,3.59623980522156,1.84175050258636,0.854790806770325,18.9910202026367,-0.6410609326208121,15.382123597193246,0.9994834064995513,0.03213907484749115,-0.03213907484749115,0.9994834064995513,92.38646131570016,-2.38646131570016,1.8954761367962245,-12.652748564172082,29.921897670135518,110.56029260476043,100,24.416099360589207,95.27149131995287,0.5,2.8,30,0.5,0.1,1,10,2,15,12,13.5
0.7,0.1,1.00657534599304,3.73597097396851,2.02603363990784,0.825505375862122,19.3278522491455,-0.7321857399573488,15.575732794173803,0.9993748664755508,0.03535358902537394,-0.03535358902537394,0.9993748664755508,92.6913849567709,-2.6913849567709036,2.0929326309484857,-14.227850964235403,26.599268575508965,103.79800428510136,100,13.360554451158805,93.03651985087706,0.5,2.8,30,0.5,0.1,1,10,2,15,12,13.5
0.7999999999999999,0.1,1.0133455991745,3.92882323265076,2.05566573143005,0.761253833770752,19.989953994751,-0.828049335163831,16.04175195899755,0.999356448740701,0.03587043853055779,-0.03587043853055779,0.9993564487407012,92.9548930950844,-2.954893095084401,2.5631090270677994,-15.609432143839948,26.844030039891816,109.40196145875841,100,9.98165007703178,97.39447008253549,0.5,2.8,30,0.5,0.1,1,10,2,15,12,13.5
0.8999999999999999,0.1,1.02255725860596,4.19335699081421,2.06288886070251,0.729297697544098,20.3689651489258,-0.8753335628710577,16.154568753409418,0.9993519187068381,0.03599642450245511,-0.03599642450245511,0.9993519187068384,93.10153262741366,-3.101532627413661,2.6782662994191178,-16.37790179550271,24.44048809255234,101.88459985401576,100,3.0228511576970973,94.73910121251225,0.5,2.8,30,0.5,0.1,1,10,2,15,12,13.5
0.9999999999999999,0.1,1.03368425369263,4.51521778106689,2.0065233707428,0.658475458621979,21.1348114013672,-0.956885243165683,16.596265976876754,0.9993868470839619,0.03501328141688568,-0.03501328141688568,0.9993868470839616,93.29982990943752,-3.2998299094375203,3.123828492372784,-17.419965178874453,25.37574093946871,108.90884051185277,100,1.975579378088952,99.52738437978589,0.5,2.8,30,0.5,0.1,1,10,2,15,12,13.5
1.0999999999999999,0.1,1.04279899597168,4.85751056671143,1.33559465408325,0.625311672687531,21.5185527801514,-0.8057163568021743,16.64678480835002,0.9997283220334695,0.023308413162281237,-0.023308413162281234,0.9997283220334694,92.77099448005671,-2.7709944800567143,3.166272027755088,-14.640716634655162,25.37150582237517,100.34010882798175,100,9.749005067715892,91.73701822178478,0.5,2.8,30,0.5,0.1,1,10,2,15,12,13.5
1.2,0.1,1.04703664779663,5.24741649627686,359.69481253624,0.589204430580139,21.9452991485596,-0.36888443562294987,16.700084421393846,0.9999858140935081,-0.005326500891198899,0.005326500891198899,0.9999858140935081,91.26538790599389,-1.2653879059938902,3.204158027524951,-6.741435434285268,36.03943210729772,100.27408020039795,100,53.20284499859669,90.9548834305942,0.5,2.8,30,0.5,0.1,1,10,2,15,12,13.5
1.3,0.1,1.04554319381714,5.69937515258789,359.061630725861,0.519643425941467,22.7960586547852,-0.2458385411324312,17.103003267024512,0.9998658895592715,-0.01637690128951664,0.016376901289516643,0.9998658895592715,90.82351272879755,-0.823512728797553,3.6047700171664765,-4.447066682472073,46.27754174371059,108.00693133280973,100,80.10329677649938,100,0.5,2.8,30,0.5,0.1,1,10,2,15,12,13.5
1.4000000000000001,0.1,1.04480230808258,6.16364717483521,0.585172116756439,0.486369103193283,23.2530403137207,-0.7329380964514345,17.08279857770616,0.9999478459291813,0.010213002574673962,-0.010213002574673962,0.9999478459291813,92.45677074140659,-2.4567707414065865,3.5985147161883475,-13.037147482353808,26.68865112819153,99.99218443254722,100,16.873289305792404,89.88131520697371,0.5,2.8,30,0.5,0.1,1,10,2,15,12,13.5
1.5000000000000002,0.1,1.04607212543488,6.70368194580078,0.625575661659241,0.414972275495529,24.1575927734375,-0.8216264420341075,17.445980058152024,0.9999403953539975,0.010918138087205242,-0.010918138087205244,0.9999403953539975,92.69637871737464,-2.6963787173746425,3.9653167792538966,-14.269761163323436,27.465707542818322,107.3264867909439,100,14.976083828331028,94.88674634294226,0.5,2.8,30,0.5,0.1,1,10,2,15,12,13.5
1.6000000000000003,0.1,1.04453921318054,7.23118734359741,359.443624973297,0.382467120885849,24.6017990112305,-0.49336488196141726,17.376221691045313,0.9999528527264646,-0.009710423482296511,0.009710423482296511,0.9999528527264645,91.62636811895594,-1.6263681189559378,3.8832243603741823,-8.645760889089004,31.841073269602127,98.89081225693788,100,39.47401604975504,87.89027702865346,0.5,2.8,30,0.5,0.1,1,10,2,15,12,13.5
1.7000000000000004,0.1,1.03678071498871,7.84398317337036,358.355627536774,0.315528482198715,25.5411853790283,-0.21312030166862306,17.710611238132508,0.999588191486762,-0.028695773908790974,0.028695773908790974,0.9995881914867619,90.68943439066423,-0.689434390664232,4.211893481252893,-3.7429116341327853,48.92732638519303,106.55504117015715,100,87.37450019481426,100,0.5,2.8,30,0.5,0.1,1,10,2,15,12,13.5
1.8000000000000005,0.1,1.02590274810791,8.47123050689697,358.630692124367,0.283574163913727,25.9982471466064,-0.3232795139612715,17.539750692966415,0.999714434143185,-0.023896655953746574,0.023896655953746574,0.9997144341431847,91.05591322629333,-1.0559132262933277,4.0427296626141676,-5.68546062918662,37.45275825838733,96.83881695898063,100,58.986226755052115,90.82480627849719,0.5,2.8,30,0.5,0.1,1,10,2,15,12,13.5
1.9000000000000006,0.1,1.01834273338318,9.15137767791748,0.521520733833313,0.248923987150192,26.4975757598877,-0.927274192215197,17.33847616367868,0.9999585747727738,0.009102128234815514,-0.009102128234815514,0.999958574772774,93.06130314132734,-3.0613031413273433,3.8632541047466695,-16.21693355572041,23.281687639550228,96.60338844024233,100,1.1559613230833108,91.97078923511759,0.5,2.8,30,0.5,0.1,1,10,2,15,12,13.5
2.0000000000000004,0.1,1.01421213150024,9.81590843200684,0.373253107070923,0.181879624724388,27.4692115783691,-0.9473163986416628,17.64750636832479,0.9999787807481801,0.006514449584046711,-0.00651444958404671,0.99997878074818,93.07268270473787,-3.072682704737872,4.1729140036158014,-16.244396185955033,25.566389290132797,106.16794068618512,100,5.648469259591508,96.61708790093968,0.5,2.8,30,0.5,0.1,1,10,2,15,12,13.5
2.1000000000000005,0.1,1.00551927089691,10.5588788986206,358.382747411728,0.149420976638794,27.9799766540527,-0.3640880029316613,17.438319621450752,0.999601662113754,-0.028222634523027864,0.028222634523027864,0.999601662113754,91.19608288001497,-1.1960828800149699,3.9421200343809417,-6.386634803512527,35.12888391015204,95.47456006967329,100,52.375190370469014,88.14034527013915,0.5,2.8,30,0.5,0.1,1,10,2,15,12,13.5
2.2000000000000006,0.1,0.986343324184418,11.2725372314453,357.004479169846,0.0811216682195663,28.932035446167,0.01886327943017374,17.682673655838244,0.9986336231323983,-0.05225788695937792,0.05225788695937792,0.9986336231323982,89.93887881944858,0.06112118055142446,4.18268371719029,0.18531310721993874,96.19876531283042,104.73360233535887,100,100,100,0.5,2.8,30,0.5,0.1,1,10,2,15,12,13.5
2.3000000000000007,0.1,0.958685457706451,12.0738353729248,357.718352556229,0.0473325923085213,29.4636745452881,-0.2183106574665099,17.412335022700624,0.999207198571589,-0.03981173599225752,0.03981173599225753,0.9992071985715889,90.71831973899086,-0.7183197389908571,3.9137035258422337,-3.932003016839053,42.62845878340759,94.66976475896972,100,74.24730911966583,96.26652601396452,0.5,2.8,30,0.5,0.1,1,10,2,15,12,13.5
2.400000000000001,0.1,0.936415314674377,12.7857246398926,358.916460394859,-0.0306082889437675,30.549825668335,-0.6309278681380095,17.779211175523784,0.9998211860584435,-0.018910206468660724,0.01891020646866072,0.9998211860584435,92.03239280867076,-2.032392808670764,4.290402468709441,-10.8235782087672,31.270781435403098,107.52592772744934,100,32.235543886258036,92.84758185535435,0.5,2.8,30,0.5,0.1,1,10,2,15,12,13.5
2.500000000000001,0.1,0.917360842227936,13.6567049026489,359.546728432179,-0.0686962753534317,31.0996704101563,-0.8480349832095831,17.450220371172353,0.9999687075598201,-0.007910998744968431,0.007910998744968433,0.9999687075598201,92.78223584956721,-2.782235849567215,3.9708143581009345,-14.742327476876275,23.59819477049943,93.62961822502331,100,5.917872605745288,88.47490647625243,0.5,2.8,30,0.5,0.1,1,10,2,15,12,13.5
2.600000000000001,0.1,0.907098412513733,14.4489917755127,359.621024161577,-0.111387692391872,31.7148246765137,-0.9042619447169774,17.272191813620843,0.9999781250937197,-0.006614327936297478,0.0066143279362974785,0.9999781250937197,92.99690598110487,-2.9969059811048737,3.79584631381692,-15.859612421684078,23.552078664328207,96.70591456996799,100,2.697242547940995,91.51107210937184,0.5,2.8,30,0.5,0.1,1,10,2,15,12,13.5
2.700000000000001,0.1,0.894178092479706,15.3314771652222,358.509965538979,-0.19390980899334,32.9509506225586,-0.6295594702965909,17.64180929123977,0.9996618628496586,-0.02600307604784643,0.02600307604784643,0.9996618628496589,92.04376999679457,-2.043769996794566,4.153038837410232,-10.850405542081916,31.12110023723297,107.13257629917973,100,31.86106495663658,92.6233359922953,0.5,2.8,30,0.5,0.1,1,10,2,15,12,13.5
2.800000000000001,0.1,0.872221171855927,16.1175079345703,356.78520655632,-0.240513205528259,33.5674438476563,-0.13240318636852744,17.484876624147525,0.9984263181075634,-0.0560792948437721,0.0560792948437721,0.9984263181075632,90.43386058362746,-0.4338605836274638,3.9853779245809022,-2.4098553225079913,52.46099574670956,96.87339180503695,100,98.17439659039674,100,0.5,2.8,30,0.5,0.1,1,10,2,15,12,13.5
2.9000000000000012,0.1,0.837488353252411,16.975944519043,356.683648347855,-0.33275043964386,34.8831100463867,-0.13236847794644668,17.944874327844477,0.9983253477506762,-0.05784894155031128,0.05784894155031128,0.9983253477506762,90.42262862578515,-0.42262862578515126,4.445362522280952,-2.3793159270944044,59.40180208160465,109.19783250642695,100,100,100,0.5,2.8,30,0.5,0.1,1,10,2,15,12,13.5
3.0000000000000013,0.1,0.803783595561981,17.7726802825928,357.939199447632,-0.380912661552429,35.5674934387207,-0.5440285457310369,17.825905683149834,0.9993532300355504,-0.03596000024349321,0.03596000024349321,0.9993532300355507,91.74806644118617,-1.7480664411861684,4.334205350480957,-9.34414686415307,30.536114035537228,98.21122040578247,100,34.90861685144586,87.23583929070304,0.5,2.8,30,0.5,0.1,1,10,2,15,12,13.5
3.1000000000000014,0.1,0.771017789840698,18.6913833618164,359.049612760544,-0.425374686717987,36.1977157592773,-0.9058569060982133,17.523768208750923,0.9998624324588459,-0.0165866258618128,0.0165866258618128,0.999862432458846,92.959159285126,-2.9591592851260065,4.047165838629194,-15.686000823776398,23.084316304821034,94.29597313463661,100,2.247830303068156,90.08943491621598,0.5,2.8,30,0.5,0.1,1,10,2,15,12,13.5
3.2000000000000015,0.1,0.746137022972107,19.6170272827148,359.22267138958,-0.518014490604401,37.5060958862305,-1.021342634306007,17.904572426447878,0.9999079704319899,-0.013566527432574749,0.013566527432574749,0.9999079704319899,93.26482374434389,-3.2648237443438863,4.433679336671791,-17.273502579417773,25.199938352239144,107.72348073409461,100,2.034069482108528,98.76568392684806,0.5,2.8,30,0.5,0.1,1,10,2,15,12,13.5
3.3000000000000016,0.1,0.721082091331482,20.5861473083496,358.066190719604,-0.562487423419952,38.1841812133789,-0.6889940458638214,17.631325396195383,0.9994304776237167,-0.03374493142428446,0.03374493142428446,0.9994304776237166,92.23785642383785,-2.2378564238378544,4.1447824588958895,-11.875008349319785,26.268977238493658,94.25771858534743,100,19.287931098891917,85.78797785508272,0.5,2.8,30,0.5,0.1,1,10,2,15,12,13.5
3.4000000000000017,0.1,0.688651382923126,21.4403190612793,355.948700428009,-0.65515398979187,39.4322776794434,-0.06932258509452294,18.041939534780152,0.9975011942117968,-0.07064961108201012,0.07064961108201014,0.9975011942117968,90.22014661989701,-0.22014661989700812,4.54207271345139,-1.29320491655107,71.27901711106097,107.94017915465916,100,100,100,0.5,2.8,30,0.5,0.1,1,10,2,15,12,13.5
3.5000000000000018,0.1,0.638413608074188,22.3569240570068,355.274117469788,-0.703351259231567,40.1064186096191,0.12515484688813094,17.79969735969267,0.9966002706073793,-0.08238871661397801,0.08238871661397801,0.9966002706073793,89.59714335599917,0.40285664400083476,4.300137354311335,1.944841882675193,55.497846149247714,95.23730979785293,100,100,100,0.5,2.8,30,0.5,0.1,1,10,2,15,12,13.5
3.600000000000002,0.1,0.579591631889343,23.3089561462402,356.404571771622,-0.796070158481598,41.4510650634766,-0.23524643052655403,18.19266941499459,0.998031735461615,-0.06271088431426398,0.06271088431426398,0.998031735461615,90.74084105770443,-0.7408410577044293,4.694190317965649,-4.075026534531936,47.8852850646723,107.87510607990006,100,84.36049583265519,100,0.5,2.8,30,0.5,0.1,1,10,2,15,12,13.5
3.700000000000002,0.1,0.526500046253204,24.2313213348389,357.845232009888,-0.840595066547394,42.070140838623,-0.6954078994873578,17.87760717180467,0.9992929101834059,-0.03759893159625196,0.03759893159625196,0.9992929101834057,92.22758336167863,-2.227583361678626,4.3911271398990195,-11.867522225434751,26.195554280379408,93.9669338011772,100,19.162046329541518,85.62017079197611,0.5,2.8,30,0.5,0.1,1,10,2,15,12,13.5
3.800000000000002,0.1,0.478480279445648,25.2745170593262,358.654333591461,-0.936951756477356,43.3623733520508,-0.990263736784907,18.116108049086673,0.9997242093115991,-0.023484150320974274,0.023484150320974274,0.9997242093115991,93.12879144937061,-3.12879144937061,4.643152788712719,-16.578747623845604,25.037722938704505,104.975703764112,100,3.6549525306413173,96.49593922417671,0.5,2.8,30,0.5,0.1,1,10,2,15,12,13.5
3.900000000000002,0.1,0.441932499408722,26.2609977722168,358.455789804459,-0.980304598808289,43.9978446960449,-0.9437428970654835,17.76873227067968,0.9996368288998586,-0.026948289501093882,0.026948289501093882,0.9996368288998586,93.04026898795217,-3.0402689879521745,4.293776922364039,-16.10062417813895,22.495489376291676,93.02537442262427,100,-0.09076894620570641,90.0727264513724,0.5,2.8,30,0.5,0.1,1,10,2,15,12,13.5
4.000000000000002,0.1,0.408619523048401,27.1855087280273,357.401579380035,-1.0212025642395,44.701000213623,-0.6342792647542799,17.562304034424823,0.9989718198592658,-0.0453354511069081,0.04533545110690809,0.9989718198592656,92.06839241337737,-2.0683924133773672,4.073754100455364,-10.998277908494796,27.62999340164127,95.7062367422645,100,24.464808659497113,86.05516494706796,0.5,2.8,30,0.5,0.1,1,10,2,15,12,13.5
4.100000000000001,0.1,0.366804718971252,28.0991115570068,355.747707366943,-1.0904449224472,46.09423828125,-0.1189284039478653,18.05364280065717,0.9972472189243433,-0.0741483941003643,0.0741483941003643,0.9972472189243432,90.3774305896014,-0.37743058960140274,4.554034516943464,-2.132201468492412,61.93024611696748,109.60431454232938,100,100,100,0.5,2.8,30,0.5,0.1,1,10,2,15,12,13.5
4.200000000000001,0.1,0.309078842401505,29.0771579742432,355.343643665314,-1.11390101909637,46.780834197998,0.01888907506617632,17.76076199729653,0.9966995123389139,-0.08117932066340014,0.08117932066340014,0.996699512338914,89.93906433337064,0.06093566662936212,4.260772041827728,0.14127014131915264,88.14725371404214,94.16792779010858,100,100,100,0.5,2.8,30,0.5,0.1,1,10,2,15,12,13.5
4.300000000000001,0.1,0.249201744794846,30.0307865142822,356.665163040161,-1.12773668766022,48.244743347168,-0.3150821811070481,18.26321182531013,0.9983066320191903,-0.05817102772429721,0.05817102772429721,0.9983066320191903,90.98838520709157,-0.9883852070915681,4.765929567284523,-5.379788673045298,43.59064907418733,110.10232308817538,100,72.11788986384784,100,0.5,2.8,30,0.5,0.1,1,10,2,15,12,13.5
4.4,0.1,0.191232040524483,31.0607395172119,358.173186540604,-1.1179826259613,49.022274017334,-0.7359623411499667,17.994141381972828,0.9994917512102023,-0.03187850785032298,0.03187850785032298,0.9994917512102023,92.34209823195008,-2.342098231950075,4.509185562984737,-12.475170007851348,25.859167542914488,94.92523184686844,100,16.787859063845204,86.64881110781275,0.5,2.8,30,0.5,0.1,1,10,2,15,12,13.5
4.5,0.1,0.14601731300354,32.0969772338867,358.894470214844,-1.09447991847992,49.7489471435547,-0.8996903148396356,17.67261815381429,0.9998138546631798,-0.01929393748186211,0.01929393748186211,0.9998138546631797,92.91433866294791,-2.9143386629479124,4.195504374646763,-15.460317868516816,23.107454810881155,93.74998809552113,100,2.926019589915228,89.50379965360939,0.5,2.8,30,0.5,0.1,1,10,2,15,12,13.5
4.6,0.1,0.111378118395805,33.1291694641113,358.746642351151,-1.00953900814056,51.2875633239746,-0.7234618044637506,18.178567759643936,0.9997607469667262,-0.021873473078914258,0.021873473078914258,0.9997607469667261,92.2790268873971,-2.2790268873970945,4.692958054546377,-12.11474625475325,30.360426891138253,109.94812307171156,100,26.79956426896741,94.64214329558561,0.5,2.8,30,0.5,0.1,1,10,2,15,12,13.5
4.699999999999999,0.1,0.0794573724269867,34.1529884338379,357.870815992355,-0.949477255344391,52.099365234375,-0.3614675587671954,17.97221433043358,0.9993095994139463,-0.03715271886602777,0.03715271886602777,0.9993095994139463,91.15221047677022,-1.1522104767702217,4.47584898509896,-6.207176444624135,35.67335006450773,95.7693352350725,100,53.966606084067884,88.72679417396304,0.5,2.8,30,0.5,0.1,1,10,2,15,12,13.5
4.799999999999999,0.1,0.0471655130386353,35.1248970031738,357.546483039856,-0.783573985099792,53.670970916748,-0.03604160250294175,18.564635378170337,0.9990832804297235,-0.042808863168535334,0.042808863168535334,0.9990832804297236,90.11123456366494,-0.11123456366493656,5.064670363933871,-0.7582345791138518,84.29680484581665,111.77624660831299,100,100,100,0.5,2.8,30,0.5,0.1,1,10,2,15,12,13.5
4.899999999999999,0.1,0.0141990445554256,36.1784400939941,358.708047986031,-0.678572773933411,54.4654579162598,-0.28028004089714514,18.297988870994278,0.9997457862104995,-0.02254690564912293,0.02254690564912293,0.9997457862104993,90.87756134122414,-0.877561341224137,4.800135344427257,-4.803021402767601,39.33767682024451,94.76234389454012,100,65.22689371273974,92.1238135682383,0.5,2.8,30,0.5,0.1,1,10,2,15,12,13.5
4.999999999999998,0.1,-0.00506669096648693,37.1995010375977,1.10659122467041,-0.561542630195618,55.1787338256836,-0.9035953624879183,17.96513268918475,0.9998134970595677,0.019312459644430645,-0.019312459644430645,0.9998134970595678,92.87938919436758,-2.879389194367576,4.487842480940401,-15.30864383418764,23.221671704484404,93.77831067132153,100,3.5791406732434154,89.3075461446942,0.5,2.8,30,0.5,0.1,1,10,2,15,12,13.5
5.099999999999998,0.1,-0.00587044702842832,38.3433837890625,2.05366563796997,-0.313657879829407,56.6043395996094,-0.9619811863817731,18.238197071409896,0.9993577003048254,0.035835552757709804,-0.03583555275770981,0.9993577003048255,93.01929150063306,-3.0192915006330594,4.763549496703451,-16.011308694495654,25.57169965538613,105.46988140955729,100,6.3117349661844315,95.97506365536009,0.5,2.8,30,0.5,0.1,1,10,2,15,12,13.5
5.1999999999999975,0.1,0.00461625121533871,39.3473892211914,1.13917934894562,-0.162526309490204,57.3147926330566,-0.5243216370585421,17.96052919101263,0.9998023509916976,0.01988112047834772,-0.01988112047834772,0.9998023509916976,91.67216048466528,-1.6721604846652838,4.468180820559002,-8.933252796927572,29.864669336856178,94.12466742248537,100,34.716230842315156,84.74244650510956,0.5,2.8,30,0.5,0.1,1,10,2,15,12,13.5
5.299999999999997,0.1,0.0139046842232347,40.4488334655762,359.133624613285,0.159351706504822,58.5740814208984,0.41949369251448676,18.120976610551175,0.9998856782994868,-0.015120526828619016,0.015120526828619016,0.9998856782994868,88.67386143252061,1.32613856747939,4.625831519635238,6.795779921829324,36.852161273475524,102.89463909643958,100,92.73250632807316,54.67613876582894,0.5,2.8,30,0.5,0.1,1,10,2,15,12,13.5
5.399999999999997,0.1,0.0141541017219424,41.4433174133301,358.846312046051,0.341873079538345,59.2292251586914,0.6857592168943392,17.775703877803785,0.9997972845816396,-0.020134292716154804,0.020134292716154804,0.9997972845816396,87.79071285929454,2.209287140705456,4.288926725773088,11.384946664658951,26.50522356708928,93.27785318057823,100,84.88829779522362,21.1325964731335,0.5,2.8,30,0.5,0.1,1,10,2,15,12,13.5
5.4999999999999964,0.1,0.0142549453303218,42.5869598388672,1.02583825588226,0.703612923622131,60.4390563964844,0.3696360747982663,17.86157706074495,0.9998397231052476,0.017903298601700455,-0.017903298601700455,0.9998397231052476,88.81446277552011,1.1855372244798872,4.365401364781103,5.9923575573696315,38.18951419632205,100.98478561403117,100,93.15762955327907,59.60042723200914,0.5,2.8,30,0.5,0.1,1,10,2,15,12,13.5
5.599999999999996,0.1,0.0331247821450233,43.819408416748,3.43330550193787,0.911973357200623,60.9975471496582,-0.15146965142522584,17.199938432729468,0.9982051850321679,0.05988663101974933,-0.05988663101974932,0.9982051850321678,90.50455688816514,-0.5045568881651405,3.700605371468388,-2.8690247320258475,44.07973815814667,86.7041248433895,100,80.12620706662096,96.19274556596571,0.5,2.8,30,0.5,0.1,1,10,2,15,12,13.5
5.699999999999996,0.1,0.0787544250488281,44.882266998291,5.72881889343262,1.33498132228851,62.1175231933594,-0.4704746629475507,17.27457136135414,0.9950054877897168,0.09982023476403885,-0.09982023476403884,0.9950054877897168,91.5600705815793,-1.5600705815792963,3.7809768857837476,-8.385967407741088,32.99026865458303,101.07072316883868,100,42.49982856749102,89.46124605084111,0.5,2.8,30,0.5,0.1,1,10,2,15,12,13.5
5.799999999999995,0.1,0.160599425435066,46.0105133056641,7.24242782592773,1.56571233272552,62.6777839660645,-0.7073048505779751,16.711432416092503,0.9920216193925796,0.12606786528582054,-0.1260678652858205,0.9920216193925797,92.42357500717456,-2.423575007174563,3.22639391946986,-12.906029781654455,23.84199422866552,88.90867869647528,100,11.54710506869857,83.82087184596351,0.5,2.8,30,0.5,0.1,1,10,2,15,12,13.5
5.899999999999995,0.1,0.264804005622864,47.0695686340332,7.95147085189819,1.78478622436523,63.2236328125,-0.7292926801556987,16.20901809530696,0.9903855922198211,0.13833430060326457,-0.1383343006032646,0.9903855922198209,92.57617273079263,-2.576172730792635,2.7254163406464578,-13.694870066298181,23.473052403676228,89.98133733214442,100,8.600468621717553,85.29174099298736,0.5,2.8,30,0.5,0.1,1,10,2,15,12,13.5
5.999999999999995,0.1,0.3812595307827,48.1086082458496,7.1446008682251,2.25876331329346,64.1952819824219,-0.1378366274616909,16.195279973634207,0.992235421895573,0.12437390214877976,-0.12437390214877977,0.992235421895573,90.48762765146432,-0.4876276514643223,2.695866520821518,-2.7205838175999193,51.75552217321076,99.83026892824509,100,95.89340965714175,100,0.5,2.8,30,0.5,0.1,1,10,2,15,12,13.5
6.099999999999994,0.1,0.51076078414917,49.2054138183594,6.82616233825684,2.49419689178467,64.7029266357422,0.12738269809626357,15.62340218922377,0.992911339096529,0.11885736280743286,-0.11885736280743286,0.9929113390965288,89.53285915734924,0.467140842650764,2.1239214769537416,2.259191850279739,49.054945254481574,88.56003065870317,100,100,91.78415332817988,0.5,2.8,30,0.5,0.1,1,10,2,15,12,13.5
6.199999999999994,0.1,0.659523665904999,50.3859558105469,8.24683666229248,3.00423383712769,65.6482162475586,0.13127639966866722,15.44075859344668,0.9896593076334586,0.14343798246790673,-0.14343798246790673,0.9896593076334586,89.51288646956469,0.4871135304353089,1.9413166353846716,2.3478784210662393,52.75361886863607,96.5243968202411,100,100,98.93317815828667,0.5,2.8,30,0.5,0.1,1,10,2,15,12,13.5
6.299999999999994,0.1,0.80941253900528,51.455150604248,10.0119180679321,3.2857780456543,66.0911331176758,-0.10585535898045606,14.843623711845447,0.9847716112320476,0.17385302330255,-0.17385302330255,0.9847716112320475,90.40859042329899,-0.408590423298989,1.3440011538629761,-2.3583546483591395,46.35375586475163,84.9470315859846,100,86.10411871409768,99.31090474490885,0.5,2.8,30,0.5,0.1,1,10,2,15,12,13.5
6.399999999999993,0.1,0.99363785982132,52.5934219360352,11.9093637466431,3.86519384384155,67.0226287841797,-0.16792374109246522,14.71120816429025,0.9784752724537799,0.20636409861335167,-0.20636409861335167,0.97847527245378,90.65398461499925,-0.6539846149992457,1.2121665310008858,-3.632456294225127,40.42846586559066,87.01476002752624,100,70.68605410735097,91.02780935501167,0.5,2.8,30,0.5,0.1,1,10,2,15,12,13.5
6.499999999999993,0.1,1.19465839862823,53.6685028076172,13.2280206680298,4.1625394821167,67.4373626708984,-0.2615519197302101,14.082663478677956,0.9734671107920035,0.228826974385165,-0.228826974385165,0.9734671107920035,91.06401025793365,-1.0640102579336457,0.5850921211188567,-5.783147425258868,-4.2189424834949785,-10.988014726201897,100,-24.630697757714785,7.754927823734873,0.5,2.8,30,0.5,0.1,1,10,2,15,12,13.5
6.5999999999999925,0.1,1.41487407684326,54.7299690246582,13.5630121231079,4.49914312362671,67.8745346069336,-0.08433581131695567,13.5013039137194,0.9721125964344137,0.23451460477663783,-0.23451460477663783,0.9721125964344137,90.35789307724717,-0.35789307724716934,0.0015673127117086239,-2.066758466328962,-6.661476032659381,-11.665685290521258,100,-19.109875771039857,-7.536028359597669,0.5,2.8,30,0.5,0.1,1,10,2,15,12,13.5
6.699999999999992,0.1,1.64075517654419,55.7684478759766,12.5678720474243,5.18829154968262,68.6459426879883,0.6604425920623385,13.340865883994123,0.9760389298305233,0.21759597297580383,-0.2175959729758038,0.9760389298305233,87.16587318800397,2.834126811996029,-0.14279643966865407,14.692479019965578,-0.6516350734848371,-2.581369830632097,100,39.835671108933944,-42.44221140287329,0.5,2.8,30,0.5,0.1,1,10,2,15,12,13.5
6.799999999999992,0.1,1.85974490642548,56.788158416748,10.9280195236206,5.5380425453186,69.0433807373047,1.2883043374287646,12.730303200659447,0.9818661213800307,0.1895756305175711,-0.1895756305175711,0.9818661213800307,84.22135124192623,5.778648758073771,-0.7046747737090335,30.110683045208923,-2.014679264270839,-11.237266735641724,100,80.2805539980433,-88.33927105512666,0.5,2.8,30,0.5,0.1,1,10,2,15,12,13.5
6.8999999999999915,0.1,2.0835428237915,57.8626441955566,11.227632522583,5.93023538589478,69.3969268798828,1.5272616735762496,12.062511864852734,0.9808613662198966,0.19470742219350087,-0.1947074221935009,0.9808613662198965,82.78404824789467,7.215951752105325,-1.3411875288214148,37.61637509617113,-2.0485604459623215,-12.73017972757473,100,100,-100,0.5,2.8,30,0.5,0.1,1,10,2,15,12,13.5
6.999999999999991,0.1,2.31743359565735,58.8866767883301,16.7697734832764,6.72135543823242,70.0908737182617,0.9839209677194201,11.998352218929094,0.9574718436799494,0.28852672070385194,-0.28852672070385194,0.9574718436799494,85.31196811472155,4.688031885278448,-1.4613723190639956,24.315102510453954,-0.3985372290952493,-2.00520483044566,100,67.28521257108058,-68.87936148746157,0.5,2.8,30,0.5,0.1,1,10,2,15,12,13.5
7.099999999999991,0.1,2.57340335845947,59.7891044616699,25.8069000244141,7.15082836151123,70.4281768798828,-0.5107069755415825,11.570732905208514,0.900266350799963,0.4353395199350938,-0.43533951993509373,0.9002663507999631,92.52727073336165,-2.5272707333616466,-1.9180018313530276,-13.548149378547235,-2.393846037932303,-9.130616262430149,100,-42.72251033579686,33.14712618406765,0.5,2.8,30,0.5,0.1,1,10,2,15,12,13.5
7.19999999999999,0.1,2.88883805274963,60.6431846618652,35.5513572692871,7.97371482849121,71.0298614501953,-1.9021223368279223,11.407057339447876,0.8135946762814602,0.5814324575790948,-0.5814324575790948,0.8135946762814603,99.4669458821933,-9.4669458821933,-1.9354409280028602,-49.88765435025972,-0.008441120641165383,-0.06021522640678084,100,-100,100,0.5,2.8,30,0.5,0.1,1,10,2,15,12,13.5
7.29999999999999,0.1,3.23809194564819,61.3767509460449,41.1511192321777,8.4345760345459,71.2961502075195,-2.614603192912638,10.888607750227804,0.7529765829746562,0.6580473125025363,-0.6580473125025363,0.7529765829746562,103.50238687402107,-13.50238687402107,-2.301878345244237,-70.97826858056466,-0.8626983632535105,-7.319133553472207,100,-100,100,0.5,2.8,30,0.5,0.1,1,10,2,15,12,13.5
7.39999999999999,0.1,3.64834403991699,62.0337181091309,39.0836219787598,9.3556432723999,71.8080978393555,-1.7321385067655308,11.185323412092542,0.7762266542875926,0.6304539484954396,-0.6304539484954396,0.7762266542875926,98.80279616927788,-8.802796169277883,-2.181353277015603,-46.22649601785342,0.29297500830854145,2.013369277580145,100,-100,100,0.5,2.8,30,0.5,0.1,1,10,2,15,12,13.5
7.499999999999989,0.1,4.05455541610718,62.615535736084,33.9248847961426,9.81470584869385,72.0526275634766,-0.48729348305424747,11.045387282754806,0.8297699660553515,0.558105548648731,-0.558105548648731,0.8297699660553514,92.52610130375878,-2.5261013037587787,-2.4438688880481916,-13.336477332951135,-1.3721681948083584,-5.195514663482675,100,-40.086472921879896,34.597800142646456,0.5,2.8,30,0.5,0.1,1,10,2,15,12,13.5
7.599999999999989,0.1,4.41255712509155,63.1649398803711,27.9220905303955,10.8432588577271,72.4805908203125,1.3198278870990654,11.242478888456432,0.8835851529024394,0.4682705175113765,-0.4682705175113765,0.8835851529024398,83.3043225037779,6.695677496222103,-2.1803146152840025,35.005888044434236,0.869461623748987,5.217196344107446,100,99.75540977191383,-96.27756327691787,0.5,2.8,30,0.5,0.1,1,10,2,15,12,13.5
7.699999999999989,0.1,4.69047260284424,63.6683311462402,22.0752601623535,11.3323230743408,72.6657409667969,2.773499026949726,10.833986538309814,0.9266909949792569,0.3758241607778232,-0.37582416077782316,0.9266909949792569,75.64067103393262,14.35932896606738,-2.3166390935117676,75.11800973303072,-0.27411372541214163,-2.3915226266331797,100,100,-100,0.5,2.8,30,0.5,0.1,1,10,2,15,12,13.5
7.799999999999988,0.1,4.92934703826904,64.149543762207,22.7912483215332,12.3772211074829,73.0074005126953,3.4350511976426734,11.051374468029437,0.9219223321366112,0.38737477138785376,-0.38737477138785376,0.9219223321366111,72.73341260656417,17.266587393435827,-1.9270809921161511,90.27243248313003,0.8148419381612401,7.78472338905825,100,100,-100,0.5,2.8,30,0.5,0.1,1,10,2,15,12,13.5
7.899999999999988,0.1,5.1364312171936,64.5769195556641,26.900089263916,12.9331760406494,73.1606674194336,3.0695148812251687,11.182487899603974,0.8917968247338214,0.45243609868651474,-0.45243609868651474,0.8917968247338213,74.65075774051869,15.349242259481315,-1.903881803342463,80.16242636125783,0.011738245597694374,0.10575007958302143,100,100,-100,0.5,2.8,30,0.5,0.1,1,10,2,15,12,13.5
7.999999999999988,0.1,5.35654163360596,64.9905166625977,31.7025279998779,13.4532384872437,73.2966232299805,2.523636571432032,11.321623766216476,0.850787923777038,0.525509189981638,-0.525509189981638,0.8507879237770379,77.43396644246549,12.56603355753451,-1.9005212941086462,65.58543343835926,0.00027668596562138877,0.0022577546556165357,100,100,-100,0.5,2.8,30,0.5,0.1,1,10,2,15,12,13.5
8.099999999999987,0.1,5.57414817810059,65.340950012207,36.367374420166,14.552300453186,73.500862121582,2.390986408513381,11.89430821450539,0.8052315736774485,0.5929604647469676,-0.5929604647469675,0.8052315736774486,78.63391902194412,11.366080978055876,-1.367754374916979,59.34004823349414,1.3716520069740448,10.654836009045908,100,100,-100,0.5,2.8,30,0.5,0.1,1,10,2,15,12,13.5
8.199999999999987,0.1,5.82946872711182,65.6859817504883,41.2715682983398,15.1150236129761,73.5869979858398,1.767206829647681,12.063356378343991,0.7515915515136311,0.6596287893151214,-0.6596287893151214,0.751591551513631,81.66580502048062,8.334194979519381,-1.3078883252454538,43.440429954925705,0.09628614921443605,0.6418786702946339,100,100,-100,0.5,2.8,30,0.5,0.1,1,10,2,15,12,13.5
8.299999999999986,0.1,6.08040285110474,65.9687042236328,46.3043479919434,16.1637725830078,73.7137603759766,1.3660423721350483,12.640971805630649,0.6908275454422594,0.7230195726660674,-0.7230195726660674,0.6908275454422594,83.83228531880357,6.167714681196429,-0.7854319792917313,32.11725216458813,1.8156317304210716,10.4485232016807,100,93.55956952168891,-86.29704260000462,0.5,2.8,30,0.5,0.1,1,10,2,15,12,13.5
8.399999999999986,0.1,6.3362865447998,66.2108535766602,50.8858032226563,16.651819229126,73.7607727050781,0.6498326564928361,12.766722795048384,0.6308680772419264,0.7758901140735555,-0.7758901140735555,0.6308680772419264,87.08613054419725,2.913869455802754,-0.7167494976022404,15.063723137213898,0.2042471708177946,0.8186139754295098,100,42.5869191258345,-41.76993044256332,0.5,2.8,30,0.5,0.1,1,10,2,15,12,13.5
8.499999999999986,0.1,6.57900381088257,66.4050064086914,55.0339317321777,17.1303558349609,73.8040542602539,-0.016570271652418533,12.88707352628326,0.5730912172054295,0.8194915843143229,-0.8194915843143229,0.5730912172054297,90.0736711950868,-0.07367119508680275,-0.6129158206468794,-0.574419529952956,1.286353841686443,1.6140637431943519,100,0.9643329995046095,4.181082367241163,0.5,2.8,30,0.5,0.1,1,10,2,15,12,13.5
8.599999999999985,0.1,6.83376455307007,66.5771865844727,59.2439193725586,18.136360168457,73.8693008422852,-0.48652419957487947,13.441982450412,0.5113842893955204,0.8593521446761151,-0.8593521446761151,0.5113842893955204,92.07288026124186,-2.0728802612418638,-0.049215710823544256,-11.026813011013884,3.251611888451852,11.276491116621544,100,-24.37185265393517,37.378300207742576,0.5,2.8,30,0.5,0.1,1,10,2,15,12,13.5
8.699999999999985,0.1,7.06965351104736,66.7112655639648,63.0625648498535,18.5872802734375,73.8935546875,-1.1853392167835235,13.521685332566078,0.4530172834438922,0.8915017335379197,-0.8915017335379197,0.45301728344389225,95.00986106173829,-5.009861061738292,0.07354055844596452,-26.425547654896427,0.3964852343495365,2.0763696516131054,100,-73.19856296501092,74.78450390240906,0.5,2.8,30,0.5,0.1,1,10,2,15,12,13.5
8.799999999999985,0.1,7.33714532852173,66.8403472900391,66.3250885009766,19.5016403198242,73.9314575195313,-1.6096978983056491,13.988125512606121,0.4015467905944667,0.9158385092161629,-0.9158385092161629,0.40154679059446663,96.56449548926449,-6.564495489264488,0.5804397189942847,-34.54719658984288,1.9491298503341126,11.620998647318942,100,-92.83389075089185,100,0.5,2.8,30,0.5,0.1,1,10,2,15,12,13.5
8.899999999999984,0.1,7.55015993118286,66.9515533447266,63.4325904846191,19.9661026000977,73.9458160400391,-0.7026945278432102,14.233115028318974,0.4472504104314466,0.89440878258708,-0.89440878258708,0.44725041043144664,92.82642041849283,-2.8264204184928303,0.7504506247634204,-14.884772598357781,2.7093009645671007,10.79811013183878,100,-36.258761346267576,47.095965204535986,0.5,2.8,30,0.5,0.1,1,10,2,15,12,13.5
8.999999999999984,0.1,7.77013969421387,67.0761413574219,59.8122596740723,20.8434352874756,73.9675521850586,0.6168963238540028,14.765569402826298,0.5028350047871044,0.8643824141898957,-0.8643824141898958,0.5028350047871044,87.60760923710278,2.3923907628972216,1.2784505569448914,12.468790323461455,28.54036901300964,104.74272781790145,100,91.99335093171135,22.16812512032721,0.5,2.8,30,0.5,0.1,1,10,2,15,12,13.5
9.099999999999984,0.1,7.95626306533813,67.1909637451172,57.6202087402344,21.257682800293,73.9773254394531,1.3920985755399,14.867566497842752,0.5355289595512395,0.8445168639417255,-0.8445168639417254,0.5355289595512395,84.65080601286124,5.3491939871387615,1.4325976310820234,27.915764368252802,18.876990945170427,101.50796144074103,100,100,-40.41015834076698,0.5,2.8,30,0.5,0.1,1,10,2,15,12,13.5
9.199999999999983,0.1,8.20941925048828,67.3425445556641,58.979190826416,21.7017498016357,73.986198425293,1.2597840941655871,14.986462707288482,0.5153493543213894,0.8569801882193818,-0.8569801882193818,0.5153493543213894,85.19492933965431,4.805070660345692,1.5393191481815744,25.009831811424217,19.84910740804208,101.2301204870438,100,100,-30.32931425590364,0.5,2.8,30,0.5,0.1,1,10,2,15,12,13.5
9.299999999999983,0.1,8.46370410919189,67.4821701049805,62.0516967773438,22.5428600311279,74.0054779052734,0.8360444619082363,15.494424990597768,0.46867470674276157,0.8833708277159635,-0.8833708277159635,0.46867470674276157,86.91144315029382,3.0885568497061797,2.016964140306184,16.00441971618598,26.565769712260778,109.54771206153086,100,97.94391462984228,8.319164219200822,0.5,2.8,30,0.5,0.1,1,10,2,15,12,13.5
9.399999999999983,0.1,8.72843837738037,67.6143188476563,64.6222915649414,22.940975189209,74.0155258178711,0.30775689564927067,15.58450958472196,0.42858364823201256,0.9035021065100727,-0.9035021065100727,0.4285836482320126,88.86869204634661,1.1313079536533905,2.087548020875838,5.753074093609084,38.810846098352926,100.85649424578644,100,93.73029965881128,61.51308473460042,0.5,2.8,30,0.5,0.1,1,10,2,15,12,13.5
9.499999999999982,0.1,9.01867198944092,67.752067565918,65.2984848022461,23.7639923095703,74.0386734008789,0.4505747811436347,16.02319776555174,0.4178910993259868,0.9084971266350369,-0.9084971266350368,0.4178910993259868,88.38925835512839,1.6107416448716094,2.5295316296947625,8.3073168018624,35.675056319740726,108.83708856848526,100,94.61059968469617,48.089625594266735,0.5,2.8,30,0.5,0.1,1,10,2,15,12,13.5
9.599999999999982,0.1,9.40514755249023,67.9345550537109,64.8432922363281,24.1912422180176,74.0494155883789,0.750645256888741,15.983011184213309,0.4250954899467435,0.9051485095977003,-0.9051485095977002,0.4250954899467435,87.3110683282776,2.6889316717224006,2.5006285756646847,13.965503386101712,25.807597291325134,99.837394386228,100,90.71860406373506,12.51178510156548,0.5,2.8,30,0.5,0.1,1,10,2,15,12,13.5
9.699999999999982,0.1,9.78694629669189,68.1119155883789,65.1968994140625,25.0119895935059,74.0703964233398,0.9780845838289567,16.320195703401772,0.4195012066036111,0.9077547783725043,-0.9077547783725043,0.4195012066036112,86.57031260645624,3.429687393543759,2.8494781950512866,17.841194902967317,24.642419440870437,106.96398305872845,100,99.24018461004937,-0.6705068465676121,0.5,2.8,30,0.5,0.1,1,10,2,15,12,13.5
9.799999999999981,0.1,10.2064323425293,68.2978744506836,67.1099166870117,25.405574798584,74.0793151855469,0.5857588230615027,16.251026889750285,0.38896450661192467,0.9212527408893513,-0.9212527408893513,0.3889645066119247,87.93570058380166,2.064299416198338,2.7615801314073174,10.657082470427705,28.92556947291596,98.75903834471546,100,87.6909698630295,28.01130802863435,0.5,2.8,30,0.5,0.1,1,10,2,15,12,13.5
9.89999999999998,0.1,10.6196537017822,68.469367980957,68.8318786621094,25.8317031860352,74.0878829956055,0.25375407606012157,16.214492571464437,0.3611057807191988,0.9325248603287625,-0.9325248603287626,0.3611057807191988,89.10340389936815,0.8965961006318538,2.7164780541643054,4.5472348834304155,42.296307945577084,99.61866950303009,100,97.32487356475933,71.860358217549,0.5,2.8,30,0.5,0.1,1,10,2,15,12,13.5
9.99999999999998,0.1,11.1003932952881,68.6607437133789,69.0813293457031,26.6504936218262,74.1009368896484,0.47042508451149434,16.46754451035101,0.3570424043457394,0.9340881765117325,-0.9340881765117325,0.3570424043457394,88.36368782153845,1.6363121784615515,2.9742624102121624,8.45509791023686,34.178698019242525,105.09656706073035,100,92.03167018714825,44.68312188982184,0.5,2.8,30,0.5,0.1,1,10,2,15,12,13.5
10.09999999999998,0.1,11.6027221679688,68.8597030639648,68.315673828125,27.0432033538818,74.1054840087891,0.8305867195039278,16.286092308316285,0.3694925700219758,0.9292336846555637,-0.9292336846555634,0.3694925700219758,87.08045874042719,2.91954125957281,2.807258413774374,15.186103538872745,24.082478552043657,96.88852385176308,100,90.686047012931,5.6438671952436295,0.5,2.8,30,0.5,0.1,1,10,2,15,12,13.5
10.19999999999998,0.1,12.1596002578735,69.0776290893555,68.8111419677734,27.8607501983643,74.1114501953125,0.9815696845879636,16.459100380484053,0.3614432598086578,0.9323941065552115,-0.9323941065552114,0.3614432598086578,86.58709969300136,3.412900306998637,2.988343287927762,17.758517955117128,23.881420865984442,103.43307209387932,100,97.48669200629683,-1.9610085423590746,0.5,2.8,30,0.5,0.1,1,10,2,15,12,13.5
10.29999999999998,0.1,12.7196922302246,69.2864074707031,70.9942779541016,28.2873554229736,74.1136093139648,0.5057533295648104,16.29104749511508,0.3256625803939533,0.9454860568676577,-0.9454860568676577,0.3256625803939533,88.22183151257316,1.7781684874268393,2.7988961257645038,9.163491715850716,30.23148412096352,96.37867176238221,100,86.12074504630904,34.805191437545034,0.5,2.8,30,0.5,0.1,1,10,2,15,12,13.5
10.399999999999979,0.1,13.291974067688,69.4831161499023,72.9068298339844,29.1265964508057,74.1326522827148,0.21005629387754254,16.50179773902418,0.2939263896623695,0.9558280585231034,-0.9558280585231032,0.2939263896623695,89.27070436178701,0.7292956382129887,3.003134619406733,3.682467918274455,48.038043988280926,103.94957564749127,100,100,85.76517780539338,0.5,2.8,30,0.5,0.1,1,10,2,15,12,13.5
10.499999999999979,0.1,13.9081802368164,69.6832275390625,72.8973541259766,29.5376777648926,74.156135559082,0.32127888142945515,16.253765072008466,0.29408446268826716,0.9557794352283133,-0.9557794352283132,0.2940844626882671,88.86761454740466,1.1323854525953436,2.756940029897841,5.819370972765175,36.43542240759518,95.14719009112429,100,89.16508353893286,56.57660609144788,0.5,2.8,30,0.5,0.1,1,10,2,15,12,13.5
10.599999999999978,0.1,14.5346298217773,69.8850708007813,71.8458862304688,29.9879989624023,74.1894836425781,0.7247210341908348,16.02527276309666,0.31157401830005726,0.9502218852038484,-0.9502218852038483,0.3115740183000573,87.41064103691829,2.5893589630817075,2.5416516515303442,13.468719816864521,25.187816966245407,95.8088400189871,100,88.08804941971147,12.66321844527016,0.5,2.8,30,0.5,0.1,1,10,2,15,12,13.5
10.699999999999978,0.1,15.2209415435791,70.1072540283203,71.7036514282227,30.8649158477783,74.3013000488281,0.9291252795554139,16.16974583187606,0.3139319489711639,0.9494454862787893,-0.9494454862787894,0.3139319489711639,86.71135933298343,3.2886406670165655,2.6964179389327363,17.11979592028837,24.15636740851521,102.82726330339842,100,96.24816339383786,0.3773062402229783,0.5,2.8,30,0.5,0.1,1,10,2,15,12,13.5
10.799999999999978,0.1,15.8744840621948,70.3158798217773,72.9265213012695,31.2892112731934,74.3840179443359,0.6368798286434525,15.929781758002282,0.29359787242568136,0.955929018969041,-0.9559290189690411,0.2935978724256814,87.71050835324117,2.289491646758833,2.4425080452767904,11.860618633933937,26.486371043683192,94.98464167228789,100,86.1824742623814,19.763009912351365,0.5,2.8,30,0.5,0.1,1,10,2,15,12,13.5
10.899999999999977,0.1,16.5278759002686,70.5130996704102,74.9475784301758,31.7500820159912,74.4760055541992,0.12631476092244975,15.72908855129518,0.25970269019423153,0.9656886209880899,-0.96568862098809,0.25970269019423153,89.5398876996291,0.4601123003708949,2.2295957377585527,2.2679220461861713,53.02760741240198,95.86009972266338,100,100,99.70503309548268,0.5,2.8,30,0.5,0.1,1,10,2,15,12,13.5
10.999999999999977,0.1,17.3310375213623,70.7405395507813,75.3928070068359,32.6363182067871,74.7170257568359,0.011895350077247624,15.81340943336466,0.25219084383380347,0.967677517712587,-0.967677517712587,0.25219084383380347,89.95690029847289,0.04309970152711173,2.3134139073945654,0.10913724612471942,96.04262366316628,101.14785103934639,100,100,100,0.5,2.8,30,0.5,0.1,1,10,2,15,12,13.5
11.099999999999977,0.1,18.10009765625,70.9543533325195,74.1991119384766,33.0600128173828,74.8567504882813,0.31857221564941707,15.45724027545037,0.2722951609995165,0.962213773179457,-0.9622137731794569,0.2722951609995165,88.81930672282702,1.1806932771729777,1.9605227980682702,6.093726625065201,34.898025675400206,92.947578897903,100,86.85848590098297,52.73361680061785,0.5,2.8,30,0.5,0.1,1,10,2,15,12,13.5
11.199999999999976,0.1,18.9432697296143,71.1943130493164,73.0950241088867,33.9348678588867,75.1983642578125,0.5283066881685765,15.508105383737208,0.29078528763123745,0.9567883342188169,-0.956788334218817,0.2907852876312374,88.04888854476597,1.9511114552340274,2.017101551187409,10.122921018707766,30.156727551275253,100.57583320781671,100,88.65763395493225,31.969276250168765,0.5,2.8,30,0.5,0.1,1,10,2,15,12,13.5
11.299999999999976,0.1,19.7569446563721,71.4338302612305,72.7787399291992,34.7933959960938,75.6082382202148,0.4644659914026241,15.598231375469476,0.29606249358142583,0.955168571454457,-0.9551685714544571,0.29606249358142583,88.29441689073874,1.705583109261255,2.1051450073317177,8.821094395625144,32.30604649746609,101.24270881025377,100,89.31115730268259,39.91302868718178,0.5,2.8,30,0.5,0.1,1,10,2,15,12,13.5
11.399999999999975,0.1,20.535343170166,71.6681442260742,72.8758544921875,35.2311096191406,75.8481369018555,0.33237736807933604,15.27505861126501,0.2944430880751342,0.95566901586521,-0.9556690158652098,0.29444308807513414,88.75347020634567,1.2465297936543323,1.7786743630588795,6.414857944464737,34.31777739247952,93.44812037519705,100,86.5971570294603,50.673952540457776,0.5,2.8,30,0.5,0.1,1,10,2,15,12,13.5
11.499999999999975,0.1,21.3729476928711,71.9231948852539,72.9586563110352,35.6287803649902,76.0856552124023,0.19813689076234464,14.849767099960244,0.29306168227675233,0.9560935364184405,-0.9560935364184405,0.29306168227675233,89.23556147950787,0.7644385204921349,1.3510888877059326,3.89089895116453,40.04055445219794,88.5511952712344,100,90.97562596765655,69.1865918411352,0.5,2.8,30,0.5,0.1,1,10,2,15,12,13.5
11.599999999999975,0.1,22.2757301330566,72.2003021240234,72.7652969360352,36.4343719482422,76.6523208618164,-0.05710328609709148,14.841979251673248,0.2962865913713345,0.9550990816525561,-0.9550990816525561,0.2962865913713345,90.22043967928616,-0.2204396792861587,1.3420891013489822,-1.2748789012248958,64.19204954044814,96.8189533775381,100,100,100,0.5,2.8,30,0.5,0.1,1,10,2,15,12,13.5
11.699999999999974,0.1,23.2019386291504,72.48974609375,71.9620971679688,36.8408660888672,76.9383544921875,-0.006727277530682585,14.346094021642362,0.3096460783833448,0.9508518844393251,-0.9508518844393249,0.3096460783833448,90.02686756278662,-0.02686756278662017,0.8460955989448795,-0.2407932776150134,6.956164971148667,7.748534820971166,100,13.238108764975296,14.58655111961937,0.5,2.8,30,0.5,0.1,1,10,2,15,12,13.5
11.799999999999974,0.1,24.0442905426025,72.7598266601563,71.4375762939453,37.6058654785156,77.5894165039063,-0.2611818624070743,14.393506759507533,0.31833766574458344,0.9479773892705933,-0.9479773892705933,0.31833766574458344,91.03956433318758,-1.0395643331875846,0.8958762429120455,-5.56522172271878,10.36171431081292,26.549497938657684,100,5.140807798013256,36.30604944523842,0.5,2.8,30,0.5,0.1,1,10,2,15,12,13.5
11.899999999999974,0.1,25.037618637085,73.0832748413086,71.6778717041016,37.9640274047852,77.9564056396484,-0.5625488606162801,13.803006418415656,0.31435911169383096,0.9493041393015546,-0.9493041393015547,0.314359111693831,92.33382833588905,-2.333828335889052,0.31446515097144356,-12.348923118574449,-3.153790487743102,-11.522745102374854,100,-40.88456570749466,28.26940375652225,0.5,2.8,30,0.5,0.1,1,10,2,15,12,13.5
11.999999999999973,0.1,25.937442779541,73.3777618408203,72.0522232055664,38.6872901916504,78.6827392578125,-1.1179598359723553,13.764140373885418,0.3081500096151284,0.9513377799573589,-0.9513377799573589,0.30815000961512845,94.64352116301316,-4.643521163013162,0.30946756493058736,-24.464221294442886,0.018856133477596647,0.09515198302899044,100,-68.46210735748488,68.53753189139528,0.5,2.8,30,0.5,0.1,1,10,2,15,12,13.5
12.099999999999973,0.1,26.8973636627197,73.6931686401367,71.441650390625,39.0217170715332,79.1017379760742,-1.2685027697312599,13.21527406324345,0.31827025767938333,0.9480000227197776,-0.9480000227197776,0.31827025767938333,95.48288787747722,-5.482887877477225,-0.22398524242116657,-28.838257824711402,-1.9529871851173741,-10.668076583540358,100,-84.65309627942666,76.84114753895717,0.5,2.8,30,0.5,0.1,1,10,2,15,12,13.5
12.199999999999973,0.1,27.7240200042725,73.9872665405273,66.5321273803711,39.6872291564941,79.9556655883789,-0.7105480700924325,13.35047871255119,0.3982347844837097,0.9172835201982064,-0.9172835201982065,0.3982347844837097,93.04655969400359,-3.046559694003591,-0.13062602758848207,-16.027160250103332,0.33164564630659404,1.3685019234182405,100,-44.212757407676136,45.53933999290251,0.5,2.8,30,0.5,0.1,1,10,2,15,12,13.5
12.299999999999972,0.1,28.5303173065186,74.3243789672852,58.5966033935547,40.0146369934082,80.3800964355469,0.8153468457522095,12.957489040983672,0.5210602310942692,0.8535199093002968,-0.8535199093002968,0.5210602310942692,86.39942419506242,3.6005758049375776,-0.5168835510848915,18.85379438167266,-1.7322085652918628,-7.718305093416478,100,49.32620713809972,-56.25504139926717,0.5,2.8,30,0.5,0.1,1,10,2,15,12,13.5
12.399999999999972,0.1,29.203727722168,74.663818359375,53.0560035705566,40.330680847168,80.8425979614258,1.7494533329186197,12.60657829280436,0.6010341121456513,0.7992233705524937,-0.7992233705524937,0.6010341121456513,82.09934881343402,7.900651186565981,-0.7726120819444589,41.33486712170637,-0.7766777742708142,-5.053473328145489,100,100,-100,0.5,2.8,30,0.5,0.1,1,10,2,15,12,13.5
12.499999999999972,0.1,29.8508529663086,75.0434799194336,55.1987342834473,40.8962059020996,81.7314682006836,0.8121811737481428,12.886790541765365,0.5707317074876802,0.8211366013448657,-0.8211366013448659,0.5707317074876802,86.39374233811873,3.606257661881273,-0.587641240798634,18.702620480702922,0.7931975203093473,3.5208161185033435,100,53.95373238658688,-50.780942305349484,0.5,2.8,30,0.5,0.1,1,10,2,15,12,13.5
12.599999999999971,0.1,30.4562339782715,75.4127426147461,61.042652130127,41.1989479064941,82.1545562744141,-0.6977793857239112,12.663769497830131,0.4841584014820238,0.8749803667936621,-0.8749803667936621,0.4841584014820238,93.1538340160354,-3.153834016035404,-0.8170210926094335,-16.7389235647076,-1.0672872611250752,-4.495157955462781,100,-49.00356050343143,44.734411458931135,0.5,2.8,30,0.5,0.1,1,10,2,15,12,13.5
12.69999999999997,0.1,31.0536708831787,75.7486419677734,65.8996658325195,41.7843589782715,83.0228042602539,-2.2583626880944845,12.765614047923204,0.40833578431801326,0.9128317957024683,-0.9128317957024684,0.4083357843180132,100.03238493185006,-10.03238493185006,-0.5361616775157341,-52.76575434999385,0.7605198758965663,5.576522263372906,100,-100,100,0.5,2.8,30,0.5,0.1,1,10,2,15,12,13.5
12.79999999999997,0.1,31.5514736175537,76.0169830322266,62.6734619140625,42.0690460205078,83.4659042358398,-1.7894483420645404,12.76337067471216,0.4590610923152287,0.8884047014296745,-0.8884047014296745,0.4590610923152287,97.98095362320335,-7.980953623203347,-0.6117977844456561,-41.875592239626776,-0.14760528263476547,-0.9665113683934929,100,-100,100,0.5,2.8,30,0.5,0.1,1,10,2,15,12,13.5
12.89999999999997,0.1,32.0737495422363,76.3106231689453,57.1311302185059,42.6724052429199,84.3004302978516,-0.9586745726784525,13.238182038424114,0.5427181834968694,0.839914860745932,-0.839914860745932,0.5427181834968694,94.14198026107081,-4.141980261070813,-0.22715099841955322,-21.747190785260205,1.6116048717764317,7.686390712635059,100,-57.668924455175706,64.11534394228143,0.5,2.8,30,0.5,0.1,1,10,2,15,12,13.5
12.99999999999997,0.1,32.5173034667969,76.5962066650391,51.8112640380859,42.9920539855957,84.6926193237305,0.11244933435643656,13.238566822662367,0.6182538882243974,0.7859784537093968,-0.7859784537093967,0.6182538882243974,89.51333725083552,0.48666274916448055,-0.26095560960331454,2.5025343718764788,-0.1174940619350726,-0.21989083132373016,100,6.772108117383995,-7.242084365124285,0.5,2.8,30,0.5,0.1,1,10,2,15,12,13.5
13.09999999999997,0.1,32.9056282043457,76.8948516845703,46.1312065124512,43.6183929443359,85.4923095703125,1.2258914173963493,13.681257277905493,0.6930092726786488,0.7209286705225492,-0.7209286705225492,0.6930092726786488,84.87975951099828,5.120240489001716,0.23606968792340055,26.768445064090173,1.8953401195564148,9.987641295585211,100,78.74232641856531,-71.16096594033965,0.5,2.8,30,0.5,0.1,1,10,2,15,12,13.5
13.199999999999969,0.1,33.2203407287598,77.1761245727539,42.442455291748,43.9501190185547,85.8989715576172,2.031490862003496,13.678057118870683,0.7379554902417244,0.6748493864723418,-0.6748493864723417,0.7379554902417245,81.55207831279802,8.447921687201983,0.328094650728012,44.17672308175922,0.21674968646119808,1.4568533632160814,100,100,-100,0.5,2.8,30,0.5,0.1,1,10,2,15,12,13.5
13.299999999999969,0.1,33.511604309082,77.442512512207,46.0485343933105,44.259952545166,86.2994232177734,1.0835401681939025,13.885164664288894,0.6940487793761315,0.7199279768466438,-0.7199279768466438,0.6940487793761316,85.53791978698263,4.462080213017374,0.42737796753238655,23.183154774647303,0.3723619585599132,1.8311409868643769,100,65.65755728613227,-64.16810945189262,0.5,2.8,30,0.5,0.1,1,10,2,15,12,13.5
13.399999999999968,0.1,33.8066825866699,77.7041091918945,50.6968116760254,44.9164619445801,87.0226287841797,-0.1735165683399149,14.499375737381325,0.6334239333403235,0.7738049629407099,-0.7738049629407099,0.6334239333403234,90.68563589664959,-0.6856358966495861,1.0004139517894686,-3.791100614923174,28.1260629169629,61.56396598870343,100,45.63704411214091,66.86720755571069,0.5,2.8,30,0.5,0.1,1,10,2,15,12,13.5
13.499999999999968,0.1,34.0981597900391,77.9352722167969,54.8588256835938,45.2368087768555,87.4057540893555,-1.3330278024807267,14.559621046846662,0.5755930483139162,0.8177362916813057,-0.8177362916813057,0.5755930483139162,95.23121596244437,-5.231215962444367,1.1205173694355608,-27.585758023875865,14.766048672240567,78.94764001996185,100,-47.70802512237128,100,0.5,2.8,30,0.5,0.1,1,10,2,15,12,13.5
13.599999999999968,0.1,34.4305725097656,78.1808319091797,55.1139793395996,45.9429626464844,88.1299362182617,-1.5767025422366219,15.133863099232766,0.5719457512496964,0.8202914467598822,-0.8202914467598822,0.5719457512496964,95.94783109594549,-5.947831095945489,1.7157748147445506,-31.27630850542677,19.6836392876217,111.82716802906579,100,-48.20638523995155,100,0.5,2.8,30,0.5,0.1,1,10,2,15,12,13.5
13.699999999999967,0.1,34.7562408447266,78.4308700561523,51.4500961303711,46.2749137878418,88.4832077026367,-0.6831966708636168,15.272935567149577,0.6231960418272242,0.7820656580178421,-0.7820656580178421,0.6231960418272242,92.56127630133336,-2.561276301333365,1.7882084800470235,-13.474970376083386,26.509984852090042,100.85985079775247,100,15.29005265114661,90.74988675721356,0.5,2.8,30,0.5,0.1,1,10,2,15,12,13.5
13.799999999999967,0.1,35.0493583679199,78.6736907958984,48.2689743041992,46.6077919006348,88.8758926391602,0.08001558366955397,15.41674108517143,0.6656345620864497,0.7462778502380867,-0.7462778502380867,0.6656345620864497,89.70262754957372,0.2973724504262805,1.9169487312127629,1.4839252946154537,64.84571099555869,102.1999119027357,100,100,100,0.5,2.8,30,0.5,0.1,1,10,2,15,12,13.5
13.899999999999967,0.1,35.3874092102051,78.9689712524414,47.6436500549316,47.2872505187988,89.6723098754883,0.10796076121630538,16.004875048664324,0.6737396092247727,0.7389688349055396,-0.7389688349055396,0.6737396092247727,89.61351762293408,0.38648237706591715,2.5052391687634668,1.902503477676011,65.60270814061505,111.76559698684501,100,100,100,0.5,2.8,30,0.5,0.1,1,10,2,15,12,13.5
13.999999999999966,0.1,35.7693138122559,79.3077087402344,48.3268051147461,47.6251068115234,90.1117477416992,-0.18737836161760502,16.039076523798066,0.6648809765198805,0.7469493202767975,-0.7469493202767976,0.6648809765198805,90.66933410339178,-0.6693341033917761,2.5401710211161017,-3.6463055262574047,46.50114141356567,100.23456161587222,100,82.79262735361061,100,0.5,2.8,30,0.5,0.1,1,10,2,15,12,13.5
14.099999999999966,0.1,36.1940650939941,79.6806716918945,49.3438262939453,48.2314987182617,91.0078506469727,-0.7505624006335987,16.51185778226574,0.6515183062113744,0.7586329129898477,-0.7586329129898477,0.6515183062113744,92.60264326902268,-2.6026432690226784,3.0289077479128856,-13.786675017263901,28.547148398017594,109.77362265752109,100,18.491606747696267,95.69698684437411,0.5,2.8,30,0.5,0.1,1,10,2,15,12,13.5
14.199999999999966,0.1,36.6776847839355,80.0988082885742,49.7100677490234,48.5202865600586,91.4612426757813,-1.0089734563832327,16.38090670859628,0.6466557569792782,0.7627819688256643,-0.7627819688256643,0.6466557569792784,93.52465096812224,-3.524650968122245,2.9119508904767493,-18.599721338568923,22.15241787961278,98.07223747665272,100,-7.774383988767418,96.38405550721853,0.5,2.8,30,0.5,0.1,1,10,2,15,12,13.5
14.299999999999965,0.1,37.1796989440918,80.5323867797852,49.0122184753418,49.0191955566406,92.4508972167969,-1.2311782978611232,16.754365731790244,0.6558980702754755,0.754849469370488,-0.7548494693704881,0.6558980702754755,94.20277073691247,-4.20277073691247,3.299540799549,-22.14975910700807,22.393626554443713,107.7451349751868,100,-17.232072390735162,100,0.5,2.8,30,0.5,0.1,1,10,2,15,12,13.5
14.399999999999965,0.1,37.6865501403809,80.9793853759766,47.4957580566406,49.2406349182129,92.9866409301758,-1.0456196033548455,16.630626585978547,0.6756447907392352,0.7372273168751516,-0.7372273168751513,0.6756447907392353,93.59762965993725,-3.5976296599372546,3.16346485570082,-18.96199023454461,21.84801436056661,97.61440063224647,100,-9.397543935591692,96.78960137785813,0.5,2.8,30,0.5,0.1,1,10,2,15,12,13.5
14.499999999999964,0.1,38.1449699401855,81.4087600708008,44.329948425293,49.6960601806641,94.0017776489258,-0.5370523336723441,17.079910780139993,0.7153275752409004,0.6987892816149758,-0.6987892816149758,0.7153275752409005,91.80098699125082,-1.8009869912508238,3.5883520992120594,-9.53556725124689,33.42549743600497,108.49427972457288,100,40.15140656851864,93.55058317550123,0.5,2.8,30,0.5,0.1,1,10,2,15,12,13.5
14.599999999999964,0.1,38.6130752563477,81.8830795288086,41.917724609375,49.9435234069824,94.5592041015625,-0.03740484575084757,17.001817266272187,0.7441049147536856,0.6680627783669812,-0.6680627783669812,0.7441049147536856,90.12605336850476,-0.12605336850475624,3.501858412485287,-0.767869536361053,74.30072546420351,98.79117714193677,100,100,100,0.5,2.8,30,0.5,0.1,1,10,2,15,12,13.5
14.699999999999964,0.1,39.0743446350098,82.3749694824219,41.9884567260742,50.4655609130859,95.6306991577148,-0.4009707136006302,17.473219508870745,0.7432796188908921,0.6689808727769503,-0.6689808727769502,0.7432796188908919,91.31457732688405,-1.3145773268840486,3.9778195870751176,-7.042090378040602,38.61893901249153,109.51782566487533,100,57.52002496646938,96.95573108349674,0.5,2.8,30,0.5,0.1,1,10,2,15,12,13.5
14.799999999999963,0.1,39.5638618469238,82.9039688110352,42.9554138183594,50.7428817749023,96.1824798583984,-0.8666149319250103,17.33604109203862,0.7318841946584406,0.6814290319682349,-0.6814290319682349,0.7318841946584408,92.86178832581535,-2.861788325815354,3.8576882730704334,-15.152025875648024,24.38345231762319,97.99607825205655,100,6.341232183431913,91.19257708706084,0.5,2.8,30,0.5,0.1,1,10,2,15,12,13.5
14.899999999999963,0.1,40.0718574523926,83.4516448974609,43.2586135864258,51.3770332336426,97.1793746948242,-1.1743127927652388,17.74481767444022,0.7282679543631712,0.6852924825559392,-0.6852924825559391,0.7282679543631713,93.78618722249044,-3.7861872224904403,4.283631935979166,-19.98460113013379,23.68870419493221,108.51547210806287,100,-8.579474774510189,100,0.5,2.8,30,0.5,0.1,1,10,2,15,12,13.5
14.999999999999963,0.1,40.6050415039063,84.0328826904297,41.6635856628418,51.6982002258301,97.6992645263672,-0.7975409105893352,17.583858831649348,0.7470608186684463,0.6647556943798457,-0.6647556943798457,0.7470608186684461,92.5969516739418,-2.5969516739418026,4.101936339943869,-13.723154746561967,25.16319786278214,96.55311085495983,100,11.901562435190776,88.75122901593778,0.5,2.8,30,0.5,0.1,1,10,2,15,12,13.5
15.099999999999962,0.1,41.0895004272461,84.5843505859375,38.9697952270508,52.0533294677734,98.167350769043,-0.018361334942019525,17.455747021125532,0.7774776140063551,0.6289106134570994,-0.6289106134570994,0.7774776140063551,90.0602682090389,-0.060268209038895286,3.955756678074824,-0.4176463748204221,81.78276269589348,97.37461042261747,100,100,100,0.5,2.8,30,0.5,0.1,1,10,2,15,12,13.5
15.199999999999962,0.1,41.5458183288574,85.1299743652344,38.0540771484375,52.7466316223145,99.1146850585938,0.19960404600345072,17.916208020579166,0.7874293264563095,0.6164049446886055,-0.6164049446886055,0.7874293264563095,89.36169549595385,0.6383045040461469,4.417319878035503,3.2085477386824417,53.24436383007735,109.22945615242126,100,100,97.50479399184385,0.5,2.8,30,0.5,0.1,1,10,2,15,12,13.5
15.299999999999962,0.1,42.021728515625,85.7118988037109,38.8684539794922,53.1084518432617,99.5961380004883,-0.08084042562274618,17.76741390980912,0.7785887756583972,0.6275344758806147,-0.6275344758806147,0.7785887756583971,90.26068978095421,-0.260689780954209,4.267597817850721,-1.526685629166093,61.20649132139854,97.29109453829196,100,100,100,0.5,2.8,30,0.5,0.1,1,10,2,15,12,13.5
15.399999999999961,0.1,42.5787811279297,86.3915939331055,40.1450462341309,53.7737236022949,100.506309509277,-0.5425282318445213,18.00715402050574,0.7644147512810676,0.6447248157345143,-0.6447248157345143,0.7644147512810675,91.72571288133831,-1.7257128813383105,4.515324942963545,-9.208913680085265,32.82647717050057,104.88515975562514,100,39.86799603676239,91.43791264523988,0.5,2.8,30,0.5,0.1,1,10,2,15,12,13.5
15.499999999999961,0.1,43.1313362121582,87.0509643554688,41.207592010498,54.1315498352051,100.93717956543,-0.8723234042277532,17.69380469227748,0.7523276222616547,0.6587891535097743,-0.6587891535097743,0.7523276222616547,92.8224576442306,-2.822457644230596,4.215294877873866,-14.947491219419232,23.54593209607253,94.02905535581311,100,5.2388887777712085,88.94483960651891,0.5,2.8,30,0.5,0.1,1,10,2,15,12,13.5
15.59999999999996,0.1,43.696117401123,87.7126541137695,41.1719284057617,54.813591003418,101.859649658203,-0.9447208896338335,17.967838063401977,0.752737538040874,0.6583207416025747,-0.6583207416025747,0.7527375380408741,93.00975125010488,-3.009751250104884,4.492656897522036,-15.914911832923888,25.652796392790783,105.50415982558404,100,6.74383965339468,95.86734591776846,0.5,2.8,30,0.5,0.1,1,10,2,15,12,13.5
15.69999999999996,0.1,44.2335510253906,88.3388137817383,40.5223731994629,55.164981842041,102.280860900879,-0.7492220263222045,17.700721000197348,0.7601523072661427,0.6497449266888967,-0.6497449266888967,0.7601523072661425,92.42372338960216,-2.4237233896021593,4.216570141298625,-12.835095222567393,25.41224174755652,94.52225075015679,100,14.886216871924347,86.76275011830174,0.5,2.8,30,0.5,0.1,1,10,2,15,12,13.5
15.79999999999996,0.1,44.7700157165527,88.9695205688477,39.5070686340332,55.51416015625,102.769004821777,-0.48926219120333947,17.482077333548812,0.7715461039493486,0.6361734114850927,-0.6361734114850927,0.7715461039493485,91.60308999482616,-1.6030899948261634,3.9889223621103156,-8.53557313628383,30.940038911508832,95.54198417530203,100,37.98047304142294,85.77968260461239,0.5,2.8,30,0.5,0.1,1,10,2,15,12,13.5
15.89999999999996,0.1,45.3353080749512,89.6485748291016,38.586124420166,56.1528549194336,103.563911437988,-0.22309218829703958,17.62402174722631,0.781671537262747,0.6236903140447941,-0.6236903140447942,0.781671537262747,90.72523504327647,-0.72523504327647,4.125433687463833,-3.938769540839579,46.075865849346144,102.39597500467919,100,81.12317698434147,100,0.5,2.8,30,0.5,0.1,1,10,2,15,12,13.5
15.99999999999996,0.1,45.9441528320313,90.391242980957,39.0598373413086,56.494083404541,104.009819030762,-0.38959835346225624,17.22251032318102,0.776488301589725,0.6301316667921905,-0.6301316667921905,0.7764883015897253,91.29589324866477,-1.2958932486647683,3.726916401640114,-6.953141121148137,32.63506118625825,92.03516083789512,100,45.80132723330171,84.73891751173127,0.5,2.8,30,0.5,0.1,1,10,2,15,12,13.5
16.09999999999996,0.1,46.5458946228027,91.119499206543,40.5007171630859,57.1373825073242,104.863243103027,-0.872233988481895,17.32943506781003,0.7603978364920344,0.6494575661721351,-0.649457566172135,0.7603978364920345,92.88140890138045,-2.8814089013804534,3.851372046616575,-15.275108773202357,25.31024560214635,102.10765664982374,100,7.850186639326104,93.39079576925928,0.5,2.8,30,0.5,0.1,1,10,2,15,12,13.5
16.19999999999996,0.1,47.1541213989258,91.8466720581055,40.5986633300781,57.4388618469238,105.272277832031,-0.9277358078077897,16.886742810573594,0.7592864892294477,0.6507565038273685,-0.6507565038273684,0.7592864892294477,93.14459482296712,-3.1445948229671217,3.4122079126158944,-16.632812205237137,21.723333269871578,91.21940940366461,100,-3.1252076349208266,90.01854071440714,0.5,2.8,30,0.5,0.1,1,10,2,15,12,13.5
16.29999999999996,0.1,47.7433166503906,92.5577926635742,38.5178565979004,58.0494918823242,106.159690856934,-0.4070009666003429,17.06057538850999,0.7824141081611562,0.6227585112628993,-0.6227585112628993,0.7824141081611563,91.36660193302019,-1.366601933020192,3.565429451784862,-7.2888304975317615,35.703340596129735,102.79109257734281,100,50.99795579917054,91.8154065853484,0.5,2.8,30,0.5,0.1,1,10,2,15,12,13.5
16.399999999999963,0.1,48.314094543457,93.2719268798828,36.3536567687988,58.3572807312012,106.570320129395,0.20565871576628947,16.66344971225937,0.805373516114193,0.5927676606747889,-0.5927676606747889,0.8053735161141929,89.29289682508576,0.7071031749142378,3.164718774115798,3.5748422729022287,43.00883530262222,91.99108570774756,100,96.02722896937067,76.0081122411182,0.5,2.8,30,0.5,0.1,1,10,2,15,12,13.5
16.499999999999964,0.1,48.8581886291504,93.9748687744141,36.6017150878906,58.6353950500488,106.981788635254,0.09377593265539375,16.271599052878088,0.8027996274773785,0.59624890618112,-0.59624890618112,0.8027996274773788,89.66979854538337,0.33020145461662764,2.771869273785615,1.5589064775194093,57.605484310795845,92.14908751586603,100,100,100,0.5,2.8,30,0.5,0.1,1,10,2,15,12,13.5
